[
  {
    "itemName": "banana",
    "imgSrc": "https://tinyurl.com/nyy33hf",
    "price": 1.25,
    "quantityRemaining": 10
  },
  {
    "itemName": "apple",
    "imgSrc": "https://tinyurl.com/lg5rj5z",
    "price": 2.5,
    "quantityRemaining": 5
  },
  {
    "itemName": "raspberry",
    "imgSrc": "https://tinyurl.com/mhoedwl",
    "price": 4.0,
    "quantityRemaining": 2
  },
  {
    "itemName": "kiwi",
    "imgSrc": "https://tinyurl.com/mdm9kho",
    "price": 3.33,
    "quantityRemaining": 15
  },
  {
    "itemName": "very delicious pineapple with a long name",
    "imgSrc": "https://tinyurl.com/k2oq2to",
    "price": 4.75,
    "quantityRemaining": 1
  },
  {
    "itemName": "strawberries",
    "imgSrc": "https://tinyurl.com/nyy33hf",
    "price": 2.05,
    "quantityRemaining": 3
  }
]
